<?xml version="1.0" encoding="UTF-8" standalone="yes"?>
<addon id="plugin.video.playv1d30" name="playv1d30" version="0.0.3" provider-name="munchycool">
	<requires>
		<import addon="xbmc.python" version="2.19.0" />
	</requires>
	<extension point="xbmc.python.pluginsource" library="playvideo.py">
		<provides>video</provides>
	</extension>
	<extension point="xbmc.addon.metadata">
		<summary lang="en">playv1d30</summary>
		<description lang="en">playv1d30</description>
		<platform>all</platform>
		<forum></forum>
		<website></website>
		<news></news>
		<genre>movies,tvshows,usa</genre>
		<video_guide></video_guide>
		<video_preview></video_preview>
	</extension>
</addon>
