<?xml version="1.0" encoding="UTF-8" standalone="yes"?>
<addon id="plugin.video.utub3scrap3" name="utub3scrap3" version="0.1.5" provider-name="forthelulz">
	<requires>
		<import addon="xbmc.python" version="2.19.0" />
		<import addon="script.module.urlresolver" version="3.0.0"/>
		<import addon="script.module.requests"    version="2.12.4"/> 
		<import addon="script.module.beautifulsoup4" version="4.3.2"/>
	</requires>
	<extension point="xbmc.python.pluginsource" library="youtube_addon.py">
		<provides>video</provides>
	</extension>
	<extension point="xbmc.addon.metadata">
		<summary lang="en">utub3scrap3</summary>
		<description lang="en">utub3scrap3</description>
		<platform>all</platform>
		<forum>http://www.utub3scrap3.com</forum>
		<website>www.utub3scrap3.com</website>
		<news></news>
		<genre>movies,tvshows,usa</genre>
		<video_guide></video_guide>
		<video_preview></video_preview>
	</extension>
</addon>
