<?xml version="1.0" encoding="UTF-8" standalone="yes"?>
<addon id="repository.forthelulz" name="forthelulz repo" version="0.0.2" provider-name="forthelulz">
	<extension point="xbmc.addon.repository" name="forthelulz repo">
		<dir>
			<info compressed="false">https://raw.githubusercontent.com/noobsandnerds/modules4all/master/zips/addons.xml</info>
			<checksum>https://raw.githubusercontent.com/noobsandnerds/modules4all/master/zips/addons.xml.md5</checksum>
			<datadir zip="true">https://raw.githubusercontent.com/noobsandnerds/modules4all/master/zips/</datadir>
		</dir>
		<info compressed="false">https://raw.githubusercontent.com/munchycool/repository.forthelulz/master/zips/addons.xml</info>
		<checksum>https://raw.githubusercontent.com/munchycool/repository.forthelulz/master/zips/addons.xml.md5</checksum>
		<datadir zip="true">https://raw.githubusercontent.com/munchycool/repository.forthelulz/master/zips/</datadir>
	</extension>
	<extension point="xbmc.addon.metadata">
		<summary lang="en">forthelulz</summary>
		<description lang="en">forthelulz</description>
		<genre>comedy,movies,tvshows,usa</genre>
	</extension>
</addon>